{
  "lgb_weight": 0.6548968132641876,
  "xgb_weight": 0.3451031867358125,
  "oof_mae": 955921.9046909548,
  "lgb_best_iters": [
    2243,
    640,
    2652
  ],
  "xgb_best_iters": [
    4999,
    1929,
    1396
  ]
}